"confidence","encoding","!","""","%","&","'","(",")","*","+",",","-",".","/",":",";","<","=",">","?","@","CR","HT","LF","NBSP","RS","SP","[","\","]","^","_","`","{","|","}","~","©","«","®","°","»","ѕ","ј","–","—","‘","’","“","”","„","•","…","№","file name"
0.99,"utf-8",524,"","","","",14,14,14,"",9590,3140,4692,"",311,581,80,"",80,346,"",8598,"",8603,"","",107127,"","","","",104,"","","","","","","","",6,"","","","","","","","","","","","","","test\data\mixed_endlines\ЗЕМЛЯ САННИКОВА.TXT"
0.99,"utf-8",567,"","","",6,19,19,68,10,9538,3246,4867,2,226,272,108,"",108,379,"",9552,"",9552,"","",115203,"","","","",510,"","","","","","","","","","","","","","","","","","","","","","","test\data\mixed_endlines\ПЛУТОНИЯ.TXT"
0.99,"utf-8",272,3,"","","",10,10,"","",3642,"",2979,"",59,3,"","","",306,"",1357,"",1357,2145,326,41660,"","","","","","","","","","","",57,"","",57,"","",1,2446,"","","","","","",98,"","test\data\series\AЛЬФРЕД ХИЧКОК И ТРИ СЫЩИКА-33\АЛЬФРЕД ХИЧКОК И ТРИ СЫЩИКА 01.txt"
0.9439964593413966,"windows-1251",496,1,"","","",5,5,"","",2838,"",2401,"",145,6,"","","",367,"",1372,"",1372,1976,389,30920,"","","","","","","","","","","",94,"","",93,"","",1,2199,"","","","","","",166,20,"test\data\series\AЛЬФРЕД ХИЧКОК И ТРИ СЫЩИКА-33\АЛЬФРЕД ХИЧКОК И ТРИ СЫЩИКА 02.txt"
0.99,"windows-1251",324,1,"","","",6,4,"","",3823,"",3179,"",67,3,"",3,"",320,"",1310,"",1310,2080,507,42320,"","","","","","","","","","","",51,"","",51,"","",1,2363,"",1,"","","","",80,"","test\data\series\AЛЬФРЕД ХИЧКОК И ТРИ СЫЩИКА-33\АЛЬФРЕД ХИЧКОК И ТРИ СЫЩИКА 03.txt"
0.99,"windows-1251",176,"","","","",5,5,"","",3790,"",2809,"",118,24,"","","",223,"",1322,"",1322,1652,418,40061,"","","","","","","","","","","",28,"","",28,"","",1,1793,"","",1,"",1,"",80,"","test\data\series\AЛЬФРЕД ХИЧКОК И ТРИ СЫЩИКА-33\АЛЬФРЕД ХИЧКОК И ТРИ СЫЩИКА 04.txt"
0.99,"windows-1251",352,1,"","",1,2,2,"","",3061,"",2788,2,55,6,"","","",266,"",1322,"",1322,1864,248,34997,"",1,1,"","","","","","","","",64,"","",64,"","",1,2016,"","","","","","",64,1,"test\data\series\AЛЬФРЕД ХИЧКОК И ТРИ СЫЩИКА-33\АЛЬФРЕД ХИЧКОК И ТРИ СЫЩИКА 05.txt"
0.99,"windows-1251",324,"","","","","","","","",3529,"",2832,"",217,19,"","","",212,"",1193,"",1193,1665,327,38297,"",1,"","","","","","","","","",52,"","",52,"","",1,2015,"","","","","","",67,"","test\data\series\AЛЬФРЕД ХИЧКОК И ТРИ СЫЩИКА-33\АЛЬФРЕД ХИЧКОК И ТРИ СЫЩИКА 06.txt"
0.99,"windows-1251",181,"","","","",2,2,"","",3611,"",2318,"",98,2,"","","",223,"",1190,"",1190,1882,303,33809,"","","","","","","","","","","",178,"","",176,"","",1,2063,"","",3,"",3,"",59,"","test\data\series\AЛЬФРЕД ХИЧКОК И ТРИ СЫЩИКА-33\АЛЬФРЕД ХИЧКОК И ТРИ СЫЩИКА 07.txt"
0.99,"windows-1251",250,"","","","",1,1,"","",2987,"",2475,"",107,3,"","","",191,"",1040,"",1040,1341,266,32308,"","","","","","","","","","","",62,"","",62,"","",1,1491,"","","","","","",36,"","test\data\series\AЛЬФРЕД ХИЧКОК И ТРИ СЫЩИКА-33\АЛЬФРЕД ХИЧКОК И ТРИ СЫЩИКА 08.txt"
0.99,"windows-1251",309,2,"","",3,"","",1,"",3310,"",2279,"",90,3,"","","",333,"",1257,"",1257,1716,307,31341,"","",1,"","","","",1,"","","",100,"","",101,"","",1,1853,"","","","","","",93,"","test\data\series\AЛЬФРЕД ХИЧКОК И ТРИ СЫЩИКА-33\АЛЬФРЕД ХИЧКОК И ТРИ СЫЩИКА 09.txt"
0.99,"windows-1251",306,"","","",1,2,2,"","",3260,"",2624,2,74,23,"","","",297,"",1493,"",1493,1936,333,37683,3,"",3,"","","","",8,"","","",12,"","",11,"","",1,2058,"","","","","","",109,"","test\data\series\AЛЬФРЕД ХИЧКОК И ТРИ СЫЩИКА-33\АЛЬФРЕД ХИЧКОК И ТРИ СЫЩИКА 10.txt"
0.99,"windows-1251",346,"","","",2,2,2,1,"",3064,"",2890,"",84,24,"","","",351,"",1218,"",1218,1762,457,34101,"","",1,"","","","","","","","",79,"","",80,"","",1,2008,"","","","","","",166,"","test\data\series\AЛЬФРЕД ХИЧКОК И ТРИ СЫЩИКА-33\АЛЬФРЕД ХИЧКОК И ТРИ СЫЩИКА 11.txt"
0.943348439722447,"windows-1251",418,"","","","","","","","",2887,"",2506,2,68,1,"","","",382,"",1475,"",1475,2029,344,32181,"","","","","","","","","","","",35,"","",36,"","",1,2161,"","","","","","",60,1,"test\data\series\AЛЬФРЕД ХИЧКОК И ТРИ СЫЩИКА-33\АЛЬФРЕД ХИЧКОК И ТРИ СЫЩИКА 12.txt"
0.99,"windows-1251",565,"","","",5,6,6,"","",3385,"",2494,2,81,2,"","","",335,"",1512,"",1512,2161,370,33788,"","","","","","","","","","","",57,"","",57,"","",1,2343,"","","","","","",93,39,"test\data\series\AЛЬФРЕД ХИЧКОК И ТРИ СЫЩИКА-33\АЛЬФРЕД ХИЧКОК И ТРИ СЫЩИКА 13.txt"
0.99,"windows-1251",817,"","","",1,1,1,"","",3569,"",2803,"",176,50,"","","",420,1,1650,"",1650,2092,356,39999,"","","",1,"","","",2,"","",2,46,1,"",45,"","",1,2295,"","","","","","",626,"","test\data\series\AЛЬФРЕД ХИЧКОК И ТРИ СЫЩИКА-33\АЛЬФРЕД ХИЧКОК И ТРИ СЫЩИКА 14.txt"
0.99,"windows-1251",262,3,"","",1,"","",3,"",2713,"",2210,"",95,8,"","","",370,"",1357,"",1357,1825,332,32418,"","","","","","","",1,"","","",83,"","",84,"","",1,2033,"","",2,"",2,"",81,"","test\data\series\AЛЬФРЕД ХИЧКОК И ТРИ СЫЩИКА-33\АЛЬФРЕД ХИЧКОК И ТРИ СЫЩИКА 15.txt"
0.9481856428426046,"windows-1251",211,"","","","",4,3,"","",3748,"",3172,"",51,9,"","","",481,"",1759,"",1759,2412,494,41084,"","","","","",1,"","","","","",74,"","",74,"","",1,2622,"","",1,"",1,"",63,"","test\data\series\AЛЬФРЕД ХИЧКОК И ТРИ СЫЩИКА-33\АЛЬФРЕД ХИЧКОК И ТРИ СЫЩИКА 16.txt"
0.9442124713020964,"windows-1251",254,"","","","","","",1,"",3452,"",3163,"",79,14,"","","",387,"",1748,"",1748,2522,365,39991,"","",1,"","","","",1,"","","",83,"","",83,"","",1,2729,"","","","","",2,44,1,"test\data\series\AЛЬФРЕД ХИЧКОК И ТРИ СЫЩИКА-33\АЛЬФРЕД ХИЧКОК И ТРИ СЫЩИКА 17.txt"
0.93759415582147,"windows-1251",391,"","","",2,1,1,"","",3085,"",2545,2,99,6,"","","",417,"",1503,"",1503,2235,407,34990,"","",2,"","","","","","","","",39,"","",41,"","",1,2489,"","","","","","",124,"","test\data\series\AЛЬФРЕД ХИЧКОК И ТРИ СЫЩИКА-33\АЛЬФРЕД ХИЧКОК И ТРИ СЫЩИКА 18.txt"
0.99,"windows-1251",745,"","","","",11,11,"","",3558,"",2945,2,182,76,"","","",429,"",1678,"",1678,2233,484,42488,"","","","","","","","","","","",145,"","",143,"","",1,2441,"","",3,"",3,"",177,3,"test\data\series\AЛЬФРЕД ХИЧКОК И ТРИ СЫЩИКА-33\АЛЬФРЕД ХИЧКОК И ТРИ СЫЩИКА 19.txt"
0.9412832395544422,"windows-1251",246,"","","",2,"","","","",2727,"",2603,"",97,34,"","","",348,"",1323,"",1323,2101,347,32086,"","","","","","","","","","","",26,"","",26,"","",1,2304,"","","","",1,"",184,"","test\data\series\AЛЬФРЕД ХИЧКОК И ТРИ СЫЩИКА-33\АЛЬФРЕД ХИЧКОК И ТРИ СЫЩИКА 20.txt"
0.9457785921684055,"windows-1251",258,"","","","","","","","",2815,"",2547,"",56,4,"","","",290,"",1156,"",1156,1873,331,31115,"","","","","","","","","","","",60,"","",60,"","",1,1989,"","","","","","",92,"","test\data\series\AЛЬФРЕД ХИЧКОК И ТРИ СЫЩИКА-33\АЛЬФРЕД ХИЧКОК И ТРИ СЫЩИКА 21.txt"
0.9471273992455533,"windows-1251",744,"","","","",13,13,"","",3117,"",2517,2,224,11,"","","",412,"",1717,"",1717,2349,328,38108,"","","","","","","","","","","",143,"","",142,"","",1,2540,"","","","","","",79,"","test\data\series\AЛЬФРЕД ХИЧКОК И ТРИ СЫЩИКА-33\АЛЬФРЕД ХИЧКОК И ТРИ СЫЩИКА 22.txt"
0.9463644582310431,"windows-1251",264,"","","",25,"","","","",3028,"",2881,"",96,6,"","","",338,"",1457,"",1457,2157,338,35096,"","",1,1,"","","","","",11,"",83,1,"",82,"","",1,2354,"","","","",1,1,154,1,"test\data\series\AЛЬФРЕД ХИЧКОК И ТРИ СЫЩИКА-33\АЛЬФРЕД ХИЧКОК И ТРИ СЫЩИКА 23.txt"
0.99,"windows-1251",296,"","","","",2,2,"","",2929,"",2666,"",61,5,"","","",325,"",1385,"",1385,2065,368,35928,"","","","","","","","","","","",88,"","",88,"","",1,2248,"","",1,"",1,"",58,"","test\data\series\AЛЬФРЕД ХИЧКОК И ТРИ СЫЩИКА-33\АЛЬФРЕД ХИЧКОК И ТРИ СЫЩИКА 24.txt"
0.944890257075995,"windows-1251",520,"","","",1,1,1,1,"",2617,"",2133,2,78,10,"","","",352,"",1353,"",1353,1940,271,31117,5,"",2,"","","","","","","","",53,"","",52,"","",1,2078,"","",2,"",2,"",123,"","test\data\series\AЛЬФРЕД ХИЧКОК И ТРИ СЫЩИКА-33\АЛЬФРЕД ХИЧКОК И ТРИ СЫЩИКА 25.txt"
0.99,"windows-1251",604,"","","",4,"","",6,"",3212,"",2298,2,116,5,"","","",313,"",1537,"",1537,2109,346,35948,"","","","","","","","","","","",48,"","",48,"","",1,2243,"","","","","","",158,"","test\data\series\AЛЬФРЕД ХИЧКОК И ТРИ СЫЩИКА-33\АЛЬФРЕД ХИЧКОК И ТРИ СЫЩИКА 26.txt"
0.99,"windows-1251",215,"","","","","","","","",3249,"",2977,"",37,15,"","","",399,"",1357,"",1357,1941,376,36820,"","","","","","","","","","","",129,"","",128,"","",1,2030,"","","","","","",92,"","test\data\series\AЛЬФРЕД ХИЧКОК И ТРИ СЫЩИКА-33\АЛЬФРЕД ХИЧКОК И ТРИ СЫЩИКА 31.txt"
0.9418616411145914,"windows-1251",178,"","","","","","","","",2619,"",2313,"",70,"","","","",335,"",1178,"",1178,1806,239,28979,"","","","","","","","","","","",41,"","",40,"","",1,1887,"","",1,"",1,"",30,15,"test\data\series\AЛЬФРЕД ХИЧКОК И ТРИ СЫЩИКА-33\АЛЬФРЕД ХИЧКОК И ТРИ СЫЩИКА 32.txt"
0.99,"windows-1251",490,"","","",4,"","","","",3192,"",2155,2,67,19,"","","",268,"",1355,"",1355,1641,353,35333,2,"",2,"","","","","","","","",106,"","",109,"","",1,1760,"","","","","","",94,"","test\data\series\AЛЬФРЕД ХИЧКОК И ТРИ СЫЩИКА-33\АЛЬФРЕД ХИЧКОК И ТРИ СЫЩИКА 33.txt"
0.99,"windows-1251",107,"","","","","","","","",2495,"",2339,"",84,4,"",1,"",207,"",1223,"",1223,1329,268,29970,1,"",1,"","","","","","","","",76,"","",76,"","",1,1512,"",7,1,"",1,"",100,"","test\data\series\AЛЬФРЕД ХИЧКОК И ТРИ СЫЩИКА-33\АЛЬФРЕД ХИЧКОК И ТРИ СЫЩИКА 37.txt"
0.99,"windows-1251",291,"","","",2,"","","","",3079,"",2331,2,119,21,"","","",368,"",1493,"",1493,1997,451,33900,"","","","","","","","","","","",145,"","",144,"","",1,2117,"","",8,"",8,"",81,"","test\data\series\AЛЬФРЕД ХИЧКОК И ТРИ СЫЩИКА-33\АЛЬФРЕД ХИЧКОК И ТРИ СЫЩИКА 38.txt"
0.99,"windows-1251",52,"","","","",5,5,"","",3111,"",2473,"",178,3,"","","",295,"",1205,"",1205,1457,425,35458,"","","","","","","","","","","",147,"","",147,"","",1,1673,"","",5,"",5,"",204,"","test\data\series\AЛЬФРЕД ХИЧКОК И ТРИ СЫЩИКА-33\АЛЬФРЕД ХИЧКОК И ТРИ СЫЩИКА 40.txt"
0.99,"windows-1251",284,"","","",5,"","","","",2811,"",2823,"",60,5,"","","",401,"",1558,"",1558,1892,357,35116,1,"",1,"","","","","","","","",103,"","",105,"","",1,2005,"","",3,"",3,"",70,"","test\data\series\AЛЬФРЕД ХИЧКОК И ТРИ СЫЩИКА-33\АЛЬФРЕД ХИЧКОК И ТРИ СЫЩИКА 41.txt"
0.99,"windows-1251",383,"",11,"",10,25,25,17,1,10366,928,7398,6,111,46,"","","",465,"",2603,"",2603,1040,"",104612,17,"",17,"","","","","","","","",859,"","",855,"","",1,2309,"","","","","","",1,2,"test\data\series\BATTLETECH - 54\ВОЙНА РОБОТОВ 01(ШАГАЮЩАЯ СМЕРТЬ 1)КЕЙТ.txt"
0.99,"windows-1251",449,2,4,"",23,46,52,"","",9797,1071,7668,3,199,46,"","","",546,"",2637,"",2637,2,"",94487,"","","","",1,"","","","","","",910,"",6,910,"","",1,2532,"","","","","","","","","test\data\series\BATTLETECH - 54\ВОЙНА РОБОТОВ 02(ШАГАЮЩАЯ СМЕРТЬ 2)КЕЙТ.txt"
0.99,"windows-1251",512,1877,"","",11,3,4,287,1,11278,1333,6950,19,59,69,"",7,"",517,"",2821,"",2821,"","",113645,"","","","","","","","","",3,"","","","","","","","",2639,"","","","",1,1,"","","test\data\series\BATTLETECH - 54\ВОЙНА РОБОТОВ 03(ШАГАЮЩАЯ СМЕРТЬ 3)КЕЙТ.txt"
0.99,"windows-1251",403,2064,6,"",3,7,8,63,"",11069,950,7726,5,65,50,"",1,"",526,"",2817,"",2817,"","",112741,"","","",2,"","","","","",1,"","","",6,"","","","",2901,"","","","","",2,"",1,"test\data\series\BATTLETECH - 54\ВОЙНА РОБОТОВ 04(ШАГАЮЩАЯ СМЕРТЬ 4)КЕЙТ.txt"
0.99,"windows-1251",249,26,"","",4,3,3,9,"",11388,"",9703,4,157,91,"","","",542,"",3701,"",3701,3188,1047,128432,"","","","","","","","","","","",919,"","",919,"","",1,3530,"","","","","",1,"","","test\data\series\BATTLETECH - 54\ВОЙНА РОБОТОВ 05(ВОЛКИ НА ГРАНИЦЕ)ЧЕРРИТ.txt"
0.99,"windows-1251",649,1077,"","",4,17,17,14,"",13192,5841,12630,1,347,3,"","","",975,"","","",15351,"","",170904,"","","","","","","","","",1,"","","","","","","","","","","","","","","","","","test\data\series\BATTLETECH - 54\ВОЙНА РОБОТОВ 06(НАСЛЕДНИК ДРАКОНА)ЧЕРРИТ.txt"
0.99,"windows-1251",115,1272,"","","",10,10,237,"",7739,2691,6210,"",155,23,"","","",500,"",2672,"",2672,"","",93901,1,"",1,"",9,"","","","","","","","","","","","","","","","","","","","","","","test\data\series\BATTLETECH - 54\ВОЙНА РОБОТОВ 07(ПУТЬ ВОИНА)ТОРСТОН.txt"
0.99,"windows-1251",181,770,"","","",8,8,"","",6803,2559,5423,"",99,13,"","","",521,"",2220,"",2220,"","",82814,1,"",1,"","","","","","","","","","","","","","","","","","","","","","","","","test\data\series\BATTLETECH - 54\ВОЙНА РОБОТОВ 08(КЛАН КРЕЧЕТА)ТОРСТОН.txt"
0.99,"windows-1251",190,788,"",1,"",32,32,6,"",8139,2735,7884,"",190,12,1,"",1,603,"",2147,"",2147,"","",91199,"","","","","","","","","","","","","","","","","","","","","","","","","","","","test\data\series\BATTLETECH - 54\ВОЙНА РОБОТОВ 09(ПУТЬ КЛАНОВ)ТОРСТОН.txt"
0.99,"windows-1251",165,1632,"","",4,3,3,1,"",10473,4439,8987,"",335,45,"","","",674,"",3782,"",3782,"","",139321,"","","",1,"","","","","","","","","","","","","","","","","","","","","","","","test\data\series\BATTLETECH - 54\ВОЙНА РОБОТОВ 10(ВОЛЧЬЯ СТАЯ)ЧЕРРИТ.txt"
0.99,"windows-1251",140,1261,"","",1,3,3,"","",10226,687,7338,"",145,9,"","","",527,"",3576,"",3576,"","",108656,"","","","","","","","","","","","","","","","","",3223,"","","","","","","","","","test\data\series\BATTLETECH - 54\ВОЙНА РОБОТОВ 11(ЕСТЕСТВЕННЫЙ  ОТБОР)СТАКПОЛ.txt"
0.99,"windows-1251",473,1639,"","",15,29,29,"","",8619,2813,7103,14,130,70,"","","",467,"",2455,"",2455,"","",98640,"","","",1,4,"","","","","","","","","","","","",1,"",1,383,"","","","","","","test\data\series\BATTLETECH - 54\ВОЙНА РОБОТОВ 12(БИТВА)КЕЙТ.txt"
0.99,"windows-1251",627,2686,"","",7,16,15,"","",9536,4187,9849,21,304,20,"","","",717,"",3521,10,3521,5,"",128008,"","","","","","","","","","","","","","","","","",4,"",1,497,"","","","","","","test\data\series\BATTLETECH - 54\ВОЙНА РОБОТОВ 13(ЗВЕЗДА НАЕМНИКОВ)КЕЙТ.txt"
0.99,"windows-1251",847,1861,4,"",12,20,20,39,"",8609,3939,8970,7,113,160,"","",1,664,"",3240,"",3236,"","",117830,"","","",2,"","","","","","","","","",1,"","","",2,"","","","","","",2,4,"","test\data\series\BATTLETECH - 54\ВОЙНА РОБОТОВ 14(ЦЕНА СЛАВЫ)КЕЙТ.txt"
0.99,"windows-1251",185,831,"","",2,12,11,2,"",6434,3447,6133,15,383,23,"","","",660,"",2910,10,2910,"","",86886,"","","","","","","","","","","","","","","","","",5,"","",106,"","","","","","","test\data\series\BATTLETECH - 54\ВОЙНА РОБОТОВ 15(ИДЕАЛЬНАЯ ВОЙНА)КУБАСИК.txt"
0.99,"windows-1251",114,2524,"","",70,25,25,"","",8666,3166,7112,46,287,52,"","","",482,"",3016,1,3012,"","",108824,"","","","","","","","","","","","","","","","","",28,"","",368,2,"","","","",1,"test\data\series\BATTLETECH - 54\ВОЙНА РОБОТОВ 16(ОСНОВНОЕ СОБЫТИЕ)ЛОНГ.txt"
0.99,"windows-1251",377,1836,"","",23,7,7,"","",9807,4395,7835,6,95,13,"","","",374,"",3069,"",3065,"","",120981,"","","","","","","","","","","","","","","","","","","","","","","","","","","","test\data\series\BATTLETECH - 54\ВОЙНА РОБОТОВ 17(КРОВЬ ГЕРОЕВ)КЕЙТ.txt"
0.99,"windows-1251",156,1076,"","",1,"","","","",12903,5648,8330,"",599,15,"","","",744,"",3789,"",3789,"","",144735,"","","","","","","","","","","","","","","","","","","","","","","","","","","","test\data\series\BATTLETECH - 54\ВОЙНА РОБОТОВ 18(ЦЕНА РИСКА)СТАКПОЛ.txt"
0.99,"windows-1251",179,858,"","",1,9,9,10,"",8499,2377,6695,1,104,16,"","","",282,"",10054,"",10054,"","",177877,"","","","","","","","","","","","","","","","","","","","","","","","","","","","test\data\series\BATTLETECH - 54\ВОЙНА РОБОТОВ 19(ДАЛЕКАЯ СТРАНА)РАЙС.txt"
0.99,"windows-1251",339,2212,"","",19,8,8,"","",12146,5362,9234,6,433,88,"","","",639,"",4313,"",4309,"","",148131,"","","","","",1,"",1,"","","","","","","","","","","","","","","","",1,"","","test\data\series\BATTLETECH - 54\ВОЙНА РОБОТОВ 20(РУКОПАШНЫЙ БОЙ)МИЛАН.txt"
0.99,"windows-1251",97,1936,"","",41,1,1,1,"",9142,4299,6545,7,163,8,"","","",554,"",2149,"",2145,"","",100996,"","",1,"","","","","","","","","","","","","","",2,"","","","","","","","","","test\data\series\BATTLETECH - 54\ВОЙНА РОБОТОВ 21(СПИСОК ПОТЕРЬ)ЛОНГ.txt"
0.99,"windows-1251",123,929,"","",5,1,1,"","",11003,4407,8497,"",165,14,"","","",692,"","","",12797,"","",139201,"","","","","","","","","","","","","","","","","","","","","","","","","","","","test\data\series\BATTLETECH - 54\ВОЙНА РОБОТОВ 22(РОЖДЕННЫЙ ДЛЯ ВОЙНЫ )СТАКПОЛ.txt"
0.99,"windows-1251",292,16,"","","",1,1,7,"",9072,4603,7297,"",202,6,"","","",896,"",3081,"",3081,"","",107291,"","","",1,"","","","","","","","","","","","","","","","","",449,443,"",3,"",11,"test\data\series\BATTLETECH - 54\ВОЙНА РОБОТОВ 23(НЕФРИТОВЫЙ СОКОЛ)ТОРСТОН.txt"
0.99,"windows-1251",437,1699,"","",4,"","","","",11732,5727,9714,6,261,7,"","",1,751,"",2949,"",2945,"","",136315,"","","","","","","",1,"","","","","","","","","","","","",6,"","","",1,"",3,"test\data\series\BATTLETECH - 54\ВОЙНА РОБОТОВ 24(ОПЕРАЦИЯ ГОРЕЦ)ЛИ ПАРДУ.txt"
0.99,"windows-1251",624,1859,"","",3,3,3,147,"",10791,4161,7276,6,174,12,"",2,"",688,"",3216,"",3212,"","",125526,"","","","","","","","","","","","","","","","","","","","","","","","","","","","test\data\series\BATTLETECH - 54\ВОЙНА РОБОТОВ 25(ТАКТИКА ДОЛГА)КЕЙТ.txt"
0.99,"windows-1251",332,"","","","",2,1,1,"",11064,1026,8566,2,419,12,"","","",721,"",4095,4096,4095,"","",129931,"","","","","","","",1,"","","",1019,"","",1010,"","","",3276,"","","","","","",176,"","test\data\series\BATTLETECH - 54\ВОЙНА РОБОТОВ 26(СМЕРТОНОСНОЕ НАСЛЕДСТВО)СТАКПОЛ.txt"
0.99,"windows-1251",797,2464,"","",4,38,38,1,"",12110,4516,10935,"",352,17,"","","",822,"","","",13570,"","",156481,"","","",1,"","","","","","","","","","","","","","","","","","","","","","","","test\data\series\BATTLETECH - 54\ВОЙНА РОБОТОВ 27(ОПЕРАЦИЯ ЭКСКАЛИБУР)КЕЙТ.txt"
0.99,"windows-1251",849,"","","",1,12,12,"","",12554,1302,12731,1,747,22,"","","",1146,"",5643,"",5643,"","",163228,"","","","","","","","","","","",552,"","",553,"","","",5072,"","","","","","","","","test\data\series\BATTLETECH - 54\ВОЙНА РОБОТОВ 28(КРОВАВОЕ НАСЛЕДСТВО)СТАКПОЛ.txt"
0.99,"windows-1251",356,1815,"","","",31,31,16,"",13964,7092,11788,"",288,5,"","","",948,"","","",14469,"","",167810,"","","","","","","","","","","","","","","","","","","","","","","","","","","","test\data\series\BATTLETECH - 54\ВОЙНА РОБОТОВ 28(ПОТЕРЯННАЯ СУДЬБА)СТАКПОЛ.txt"
0.99,"windows-1251",249,"","","",4,2,2,9,"",11376,4575,9693,2,154,91,"","",1,542,"",3824,"",3824,"","",143950,"","","","","","","","","","","","","","","","","","","","","",931,930,"",1,1,"","test\data\series\BATTLETECH - 54\ВОЙНА РОБОТОВ 30(ВОЛКИ НА ГРАНИЦЕ)ЧЕРРИТ.txt"
0.99,"windows-1251",750,1494,"",1,6,14,15,14,"",12167,5396,10638,1,344,42,"","","",810,"",12148,"",12148,"","",179041,14,"",14,5,1,"","",1,"","","","","","","","","",1,"","","","","","",2,"","","test\data\series\BATTLETECH - 54\ВОЙНА РОБОТОВ 31(СЕРДЦА ХАОСА)МИЛАН.txt"
0.99,"windows-1251",675,1242,1,"",2,1,1,3,"",11911,5274,10837,"",304,25,"","","",916,"",12538,"",12538,"","",219980,1,"",1,"","","","","","","","","","","","","","","","","","","","","","","","","test\data\series\BATTLETECH - 54\ВОЙНА РОБОТОВ 32(ПРЕСТУПНЫЕ НАМЕРЕНИЯ)СТАКПОЛ.txt"
0.99,"windows-1251",281,2599,"","",60,53,53,38,"",10427,4965,8513,"",372,137,"","","",518,"","","",12414,"","",135858,"","","","",10,"","","","","","","","","","","",1,"","","","","","","","","","","test\data\series\BATTLETECH - 54\ВОЙНА РОБОТОВ 34(ЧЕРНЫЙ ДРАКОН)МИЛАН.txt"
0.99,"windows-1251",202,2191,"","",1,52,53,"","",8608,4502,7397,"",444,18,"","","",386,"",9865,"",9865,"","",170388,"","","","","","","","","","","","","","","","","","","","","","","","","","","","test\data\series\BATTLETECH - 54\ВОЙНА РОБОТОВ 35(ДВОЙНАЯ ИГРА)ЛИ ПАРДОУ.txt"
0.99,"windows-1251",140,890,"","","",2,2,"","",7735,3547,6021,"",98,1,"","","",510,"","","",9298,"","",101094,"","","","","","","","","","","","","","","","","","","","","","","","","","","","test\data\series\BATTLETECH - 54\ВОЙНА РОБОТОВ 36(ЗВЕЗДНЫЙ ВЛАСТЕЛИН)ФИЛЛИПС.txt"
0.99,"windows-1251",63,2582,"","",26,4,4,2,"",9189,3903,7197,"",245,29,"","","",459,"","",1,11082,"","",119648,"","","","","","","","","","","","","","","","","","","","","","","","","","","","test\data\series\BATTLETECH - 54\ВОЙНА РОБОТОВ 37(НА ЛИНИИ ОГНЯ)КОУЛМЕН.txt"
0.99,"windows-1251",90,1431,"","",8,12,11,"","",6947,2468,5864,"",106,20,"","","",342,"",7586,"",7586,"","",185447,"","","","","","","","","",3,"","","","","","","","","","","","","","","","","","test\data\series\BATTLETECH - 54\ВОЙНА РОБОТОВ 38(ВОИН ХИРИЦУ)КОУЛМЕН.txt"
0.99,"windows-1251",132,1458,2,"",2,17,17,7,"",8725,3666,7608,"",148,9,"","","",380,"","","",10275,"","",112400,"","","","","","","","","","","","","","","","","","","","","","","","","","","","test\data\series\BATTLETECH - 54\ВОЙНА РОБОТОВ 39(ДОРОГА ИСХОДА)ЛИ ПАРДОУ .txt"
0.99,"windows-1251",92,"","","","",12,8,18,"",9551,606,6889,10,29,12,"","","",346,"",3804,"",3804,"","",104215,1,"",1,"","",12,"","","","","",140,"","",140,"","","",1304,"","","","","","","","","test\data\series\BATTLETECH - 54\ВОЙНА РОБОТОВ 40(ОХОТНИКИ)ГРЕССМАН.txt"
0.99,"windows-1251",86,515,"","",1,"","","","",9281,4261,6681,"",431,19,"","","",486,"","","",10090,"","",113163,"",1,"","","","","","","","","","","","","",16,"","","","","","","","","","","","test\data\series\BATTLETECH - 54\ВОЙНА РОБОТОВ 41(ВОЗРОЖДЕНИЕ ЗАВЕТА)СТАКПОЛ.txt"
0.99,"windows-1251",92,268,"","","",8,9,213,"",9552,1987,6700,16,35,12,"","","",350,"",2820,"",2816,"","",109042,2,"",2,"","",12,"","","","","","","","","","","",1004,"","","",6,6,"","",65,"","test\data\series\BATTLETECH - 54\ВОЙНА РОБОТОВ 42(ОХОТНИКИ)ГРЕССМАН.txt"
0.99,"windows-1251",21,1,"",1,2,2,2,"","",7503,"",5417,3,68,13,"","","",305,"",2499,"",2499,1561,484,81645,"","","","","","","","","","","",720,"","",720,"","",1766,"","",9,1,"",1,"",15,"","test\data\series\BATTLETECH - 54\ВОЙНА РОБОТОВ 43(ПРИНЦ ХАОСА)СТАКПОЛ.txt"
0.99,"windows-1251",317,518,"","",1,7,7,187,"",7438,3207,6159,"",292,9,"","","",446,"","","",8393,"","",89268,"","","","","","","","","","","","","","","","","","","","","","","","","","","","test\data\series\BATTLETECH - 54\ВОЙНА РОБОТОВ 49(СОКОЛИНАЯ ЗАРЯ)ТОРСТОН.txt"
0.99,"windows-1251",69,"","","",3,13,13,"","",5872,"",3393,1,63,11,"","","",198,"",1555,"",1555,1203,622,57398,"","","","","",1,"","","","","",625,1,"",623,"","",1367,"","","",3,"",3,"",19,"","test\data\series\BATTLETECH - 54\ВОЙНА РОБОТОВ 50(МОМЕНТ ИСТИНЫ)ГРЕССМАН.txt"
0.99,"windows-1251",2,22,"","","","","","","",212,81,178,"",1,"","","","",2,"",78,"",78,"","",2025,"","","","","","","","","","","","","","","","","","","","","","","","","","","","test\data\series\BATTLETECH - 54\ВОЙНА РОБОТОВ 54(ИСПЫТАНИЕ ГЕРОЯ)ЛИ ПАРДОУ.txt"
0.99,"windows-1251",78,838,"","",3,106,106,"","",5933,1639,3845,"",54,161,"","","",292,"",5525,"",5525,"","",66646,"","","","","","","","","","","","","","","","","","","","","","","","","","","","test\data\series\BATTLETECH - 54\ВОЙНА РОБОТОВ 55(ПУТЬ СЛАВЫ)БИЛЛС.txt"
0.99,"windows-1251",456,"","","",10,2,2,"","",8345,650,6007,"",213,25,"","","",285,"",1841,"",1841,"","",94510,"","","","","","","","","","","",777,"","",777,"","",1,2167,"","","","","","","","","test\data\series\BATTLETECH - 54\ВОЙНА РОБОТОВ 56(ТЕНИ ВОЙНЫ)ГРЕССМАН.txt"
0.99,"windows-1251",464,"",17,"",270,23,23,"",1,9597,897,7613,39,236,145,"","","",586,"",3190,1,3190,"","",106523,"","","","","","","","","","","","","","","","","","",3472,"","",311,325,"","","",20,"test\data\series\BATTLETECH - 54\ВОЙНА РОБОТОВ 60(БРИГАДА  БОЛО)КЕЙТ.txt"
0.99,"windows-1251",758,986,"","",14,8,8,724,"",9987,929,7837,852,203,194,"","",2,709,"",3109,"",3109,"","",116111,"","",1,1,"","","","",2,1,"","","",3,"","","","",3463,"","","","","","","","","test\data\series\BATTLETECH - 54\ВОЙНА РОБОТОВ 61(ВОССТАНИЕ БОЛО)КЕЙТ.txt"
0.99,"windows-1251",330,4,29,"",22,66,65,"",4,7623,773,7472,6,131,54,4,24,7,433,"",2864,"",2864,"","",92281,"","","",1,2,"","","","",1,"",672,"",3,672,"","","",2087,"","","","",2,"",1,"","test\data\series\BATTLETECH - 54\ВОЙНА РОБОТОВ 62(АТАКА БОЛО)КЕЙТ.txt"
0.99,"windows-1251",131,262,"",1,"",41,41,491,"",2531,1284,7075,81,472,1,"","","",96,5,11507,"",11499,1,"",128871,"","","","","",73,27,20,4,7,1,"","","","","","",173,"","","",1386,1389,"","",101,"","test\data\series\BATTLETECH - 54\ВОЙНА РОБОТОВ 63(АЛМАЗНЫЕ АКУЛЫ)БАЗОРОВ.txt"
0.9458582060222555,"windows-1251",142,2265,"","","",7,7,550,2,4860,1613,6977,2,3,"","","","",183,"",9626,"",9626,19253,"",135883,"","","","","","","","","","","","","","","","","",226,1,"","",4,4,"","",225,"","test\data\series\BATTLETECH - 54\ВОЙНА РОБОТОВ 64(БОЛЬШАЯ ИГРА)БАЗОРОВ.txt"
0.99,"windows-1251",655,112,"","","",42,42,607,1,3746,2304,7588,74,482,2,"","","",397,"",4641,"",4641,"","",74240,"","","","","","","","","","","","","","","","","","","","","","","","","","","","test\data\series\BATTLETECH - 54\ВОЙНА РОБОТОВ 65(ВОЙНА ТРАДИЦИЙ)БАЗОРОВ.txt"
0.99,"windows-1251",28,2846,"","","",40,40,455,"",2784,1569,7340,57,365,2,"","","",111,1,10997,"",10997,"","",125226,"","","","","",83,20,18,"",3,"","","","","","","",67,"","","",253,253,"","",11,"","test\data\series\BATTLETECH - 54\ВОЙНА РОБОТОВ 66(НОВОЕ ПОКОЛЕНИЕ)БАЗОРОВ.txt"
0.9408601227694932,"windows-1251",112,185,"","","","","",240,"",2234,1075,4118,2,44,"","","","",152,"",4695,"",4695,9384,"",45956,"","","","","","","","","","","","","","","","","",211,"","","","","","","",99,"","test\data\series\BATTLETECH - 54\ВОЙНА РОБОТОВ 67(ОТВЕТНЫЙ УДАР 2)БАЗОРОВ.txt"
